{"xmin": {"0": 1513.6553955078125, "1": 486.55975341796875, "2": 681.2301635742188, "3": 400.5360107421875, "4": 616.277587890625, "5": 714.5590209960938, "6": 104.95504760742188}, "ymin": {"0": 340.1627197265625, "1": 294.28839111328125, "2": 287.397705078125, "3": 308.2906494140625, "4": 291.5419006347656, "5": 280.52899169921875, "6": 368.1878356933594}, "xmax": {"0": 1585.978759765625, "1": 510.5133361816406, "2": 703.914794921875, "3": 427.9378356933594, "4": 644.1157836914062, "5": 731.5634155273438, "6": 122.85152435302734}, "ymax": {"0": 470.307861328125, "1": 357.36859130859375, "2": 336.00030517578125, "3": 363.318603515625, "4": 333.7877197265625, "5": 322.81610107421875, "6": 430.9183044433594}, "confidence": {"0": 0.6055325269699097, "1": 0.5057064294815063, "2": 0.45486849546432495, "3": 0.38835224509239197, "4": 0.3520303964614868, "5": 0.3234654366970062, "6": 0.3217611610889435}, "class": {"0": 0, "1": 0, "2": 0, "3": 0, "4": 0, "5": 0, "6": 0}, "name": {"0": "person", "1": "person", "2": "person", "3": "person", "4": "person", "5": "person", "6": "person"}}